0.234630404,0.069479494,7.499018774,107.9313962,78.06616205,24.36904019,75.77943176,82.21639841,4012.341589,25.32398706,0.487530055,2504.655483,0.624237849,4105.457493,-868,-769,2472626961,2.525274393,67,2.827023288,-769,34.2266826,-809.2535847,-798,-945,176,26.935825,810.2875058,-0.841915101,2695503156,0.202644958,1674.477649,37.72729899,127.1420784,-9.552064193,6.099993591,8.698599023,-0.074202095,2.277646138,2.127896197,1.801994336,0.464906066,0.38700355,0.895768511,0.804136029,-0.308910427,0.847395783,0.257867401,6.194651382,0.083212632,4.206068585,0.749311115,0.162989243,12.38930276,3.039488753,3.699648154,5.123738323,546.5257568,0.145121019,5.653297286,763.1609134,2.950095172,41.590547,46.18481147,2266.414764,1.404733676,0.043322586,0.049304524,1.535527078,0.004036791,590.2344728,0.192453744,2.871573091,38.82699105,7.195661018,375.8947227,0.204736302,0.048671111,3.326213076,2662.047961,0.76293636,0.793598595,3.746495504,0.842185862,32.95310376,0.041277235,22.76811594,0.164986347,3.011604705,24.99275362,8582.869565,502637,169.2843886,0.115400718,12.97101449,0.093992859,0.280475314,5.709055719,0.049251733,6.062728986,0.036643654,7838.133375,11.07555622,0.001657542,25.20706935,0.089628413,0.055662364
0.849858187,0.781579147,18.67642911,23.89576179,29.93304615,27.80911489,25.59721841,31.26895434,6596.93584,20.3080088,0.771701154,2204.261667,0.334134168,6675.584973,-875,-814,2156628917,1.902725969,32,2.699944956,-792,18.86635012,-841.2594417,-836,-913,121,14.05763715,841.5773986,-0.560070104,4727999866,0.303048255,535.0696358,16.02174603,12.00579818,-1.488553156,1.790974544,1.288203715,0.133581377,0.775693113,1.478770071,0.578050419,0.686684564,0.66324399,0.968103015,0.897814816,-0.15189739,0.487183407,0.428941881,3.986520914,0.139829849,3.306958333,0.420293063,0.260364096,7.973041828,2.289026486,0.769794565,5.453526956,250.1573071,0.082153467,15.09972892,922.7819376,0.880538609,15.8545156,92.2683087,1550.384565,6.469061029,0.08861622,0.031622351,0.435567856,0.005235926,601.060673,0.278776644,1.000056833,15.47383717,6.976057141,115.1952298,0.542060843,0.096724121,3.204572472,1451.146378,0.581515548,0.700593659,2.616646494,0.739501629,11.2732258,0.075501844,10.72881356,0.181844298,2.795748348,12.94915254,41710.76271,693809.5424,2771.06686,0.272725989,10.42372881,0.17667337,0.404169181,4.86875999,0.127344203,4.818338176,0.019376026,39047.15312,16.3023135,0.002405699,7.965716047,0.031279135,0.02909454
0.972138914,0.634403131,18.20310608,28.69327907,32.94062841,36.42433215,32.73051234,38.20163967,10186.69857,27.89385315,0.716972536,3169.595985,0.311150464,10284.02608,-897,-843,3486527284,1.79112313,28,2.631382982,-811,16.35902003,-869.0446467,-868,-935,124,12.55132474,869.2760995,-0.094221608,7771031104,0.32750591,402.3391423,15.07935174,7.569929056,-0.499470582,1.525727521,1.306764845,0.086977855,0.83284657,1.432696018,0.494453783,0.656666283,0.630896696,0.967057481,0.889201521,-0.138142735,0.510258275,0.473354801,3.8758737,0.130972775,3.318564761,0.42992222,0.222101702,7.7517474,2.244700883,0.708123091,5.474453302,386.5127872,0.083769568,16.72288144,1511.112267,0.707994355,14.9343303,90.39835284,1379.816862,6.734888443,0.085285544,0.032161816,0.432184875,0.004002371,1009.713298,0.307060772,0.795411288,14.74766556,5.916941757,90.62190173,0.465727472,0.089573332,3.077368373,2296.30748,0.609739142,0.708329165,2.151869557,0.756659509,11.12560797,0.069318418,22.08860759,0.279602628,2.160551194,11.5443038,79911.11392,1222459.228,5757.34141,0.196997187,12.7721519,0.161672809,0.386352805,4.426450613,0.08329281,4.814556185,0.017121803,76499.96251,30.59879999,0.001332046,8.981033103,0.02816731,0.016118533
0.753042143,0.500445027,25.09053237,50.13644061,43.75214682,56.09107499,57.38572416,59.9677719,31936.43851,37.75485267,0.671308718,7251.360434,0.227056014,32029.3273,-897,-846,22398542183,1.793664691,28,2.961481725,-798,15.95242221,-872.8984378,-875,-942,144,11.64526049,873.1253347,0.076514361,24417488804,0.336217768,396.167419,13.46979743,11.67414834,0.160731402,1.941172886,0.812210113,0.408158486,0.623010494,1.304821355,0.397718635,0.71857138,0.707386733,0.984251801,0.924702185,-0.111720643,0.472581024,0.471021178,3.631462349,0.134702154,3.355145424,0.40972324,0.224335222,7.262924698,2.498102516,0.68834575,5.969623319,1624.761615,0.055299738,24.50749997,9878.414247,0.704285313,13.86981383,156.8416664,2136.580545,13.38831177,0.093645094,0.024508842,0.339134883,0.003772805,5371.564977,0.306149726,0.832171867,13.95238404,5.573877063,76.69592842,0.494942043,0.098520506,3.53880976,8289.447234,0.442704012,0.596013122,1.938019918,0.668940268,9.374609383,0.069083676,135.0512821,0.266373337,2.748106392,14.16370809,543584.2071,7240638.471,44789.53657,0.206968809,102.9526627,0.203062451,0.446317049,5.993436295,0.1015408,5.13781658,0.01725605,540225.9246,128.086179,0.000248172,10.32269165,0.016136905,0.004795418
0.306187939,0.235150659,17.85513683,75.9306263,59.87295634,28.59375,29.87176471,66.43925018,7240.238466,23.24904197,0.511921981,3535.484416,0.488310493,7322.452995,-907,-805,4963347910,2.575342923,57,2.183185359,-769,30.88537114,-858.8173292,-862,-954,185,24.38990411,859.6064887,0.127515435,5410731245,0.184042702,1356.110594,31.26694549,89.50847819,-0.267347308,6.173435943,2.625637059,0.403209207,1.169190337,1.830822577,1.018712703,0.594167094,0.551235466,0.970822234,0.894985558,-0.15327159,0.541421523,0.430573483,5.508101541,0.048947319,4.709734624,0.445036445,0.084779964,11.01620308,3.272065466,2.19976825,6.062449878,660.2529403,0.098295808,9.942531653,1236.214828,2.200646042,28.94819116,58.92169123,1804.468513,2.636974063,0.051228957,0.045510445,1.168279702,0.003311163,944.3143742,0.183362749,2.207820128,28.40014155,3.55929219,108.1329725,0.170179051,0.053083289,3.565351633,3822.554797,0.667655069,0.769288029,1.083854184,0.809226712,22.81016894,0.04384146,32.08374384,0.158047999,3.750782596,23.27586207,13370.74384,389949.936,566.6617567,0.100374334,22.77339901,0.112184232,0.301835391,6.896452291,0.03684701,6.113911551,0.030221825,12275.88376,18.35388358,0.001268955,23.33536583,0.042997174,0.033895354
0.804028898,0.422091259,9.971622154,23.62432754,21.94240953,25.48167663,26.04419634,27.27577538,3355.340701,18.99464202,0.750632979,1443.934744,0.430339233,3406.998007,-900,-861,2218993938,1.399279248,21,2.946468293,-833,11.75685552,-881.0216935,-882,-938,105,8.795163615,881.1441164,0.043990836,2645244200,0.439823931,215.7294104,11.28920784,3.260057225,0.175428584,1.047726452,0.448609747,0.393893173,0.418472725,1.042065585,0.26559645,0.795786475,0.79377734,0.982985596,0.930972094,-0.11633716,0.464632725,0.39210283,3.337447449,0.235307295,2.511691176,0.431108585,0.383516502,6.674894898,2.014163003,0.37408405,5.155087415,191.4548635,0.066989106,16.82854556,1257.016795,0.407573232,11.10811756,132.9069279,1487.815605,13.01937009,0.106692423,0.024095253,0.235937203,0.003743798,723.6641249,0.398103588,0.491986209,11.04150933,6.991898693,77.51379907,0.710523641,0.111932323,2.940895549,910.477627,0.453825735,0.624078161,2.557215134,0.649354329,7.096184483,0.076242564,25.60714286,0.457270408,1.366071429,8.928571429,60683.14286,637376.5179,6122.542842,0.199166667,8.071428571,0.144132653,0.371146105,2.923435555,0.076809376,4.407883871,0.019594122,58078.49872,19.42129586,0.002772382,3.594596715,0.013707043,0.025813382
0.905380605,0.523235165,6.922321066,13.22984679,15.40548477,15.03739669,13.78475292,17.02995634,822.3445737,11.97804669,0.739664598,573.8765944,0.697854175,845.1929974,-900,-843,543046506,1.755390409,28,2.773215358,-823,16.36300556,-874.9421721,-877,-935,112,12.37167412,875.1759896,0.42196932,647361218.8,0.344069101,409.2082215,13.31556899,8.680616964,0.028694935,1.743310502,1.222657833,0.195924253,0.774259367,1.445902864,0.528451447,0.680676455,0.657368512,0.96933486,0.897057256,-0.152848505,0.566096704,0.44492858,3.630968991,0.132293536,3.33100325,0.421246302,0.220222254,7.261937982,2.335412584,0.741492084,5.212856364,65.1100141,0.091833588,12.34214939,243.9449929,0.686554694,13.11988717,71.53878702,924.0310296,6.416156167,0.096936609,0.038053291,0.486363241,0.005466409,174.3741531,0.32916276,0.749079324,13.01804147,4.992722437,67.62604891,0.448654044,0.100825664,2.849625947,388.2549502,0.643740915,0.742540957,1.732037466,0.784416091,10.31445177,0.079929424,4.222222222,0.234567901,2.333333333,13.44444444,9032.055556,109392.8889,827.7156944,0.18529321,2.111111111,0.117283951,0.282542234,3.681373213,0.082348109,4.169925001,0.02538787,7480.570988,4.157926007,0.01064671,6.837657743,0.02099004,0.133008261
0.530387649,0.300661616,14.3579576,47.75454147,52.734348,32.04745355,52.73660851,52.73660851,10068.15793,25.32841899,0.593515844,3799.138737,0.377341989,10151.8527,-907,-833,6472423924,2.272241173,45,2.704056563,-769,23.84122656,-871.315876,-875,-945,176,17.83629979,871.7975634,0.313657842,7715722676,0.23603943,839.635779,14.26438951,43.18377716,1.982847399,3.865146205,1.602058991,0.410642806,0.908285843,1.612587061,0.673770335,0.643838468,0.614261386,0.976843083,0.906340228,-0.132151074,0.492606006,0.461071924,3.701156403,0.073237988,4.211306543,0.420618268,0.13788652,7.402312806,2.977345267,1.366801299,5.99919709,700.0364021,0.08220249,13.39313868,2010.11179,1.395369871,14.97592767,75.58736496,1072.728628,7.515407371,0.112277005,0.039900121,0.57854018,0.007109268,1424.866704,0.22697002,1.490787428,15.06698605,3.806621543,56.6311643,0.399016595,0.117228056,3.438802546,4249.785152,0.615294529,0.735141092,1.150407119,0.779738741,11.81187309,0.094056672,40.66371681,0.179927951,3.528252017,14.74778761,59315.26549,773000.2699,5362.696806,0.270677626,29.97345133,0.132625891,0.331264821,4.220096917,0.108513501,5.789285773,0.026538281,57895.37638,35.59557943,0.00092327,16.90220959,0.030354388,0.022546024
0.523243267,0,0,16.07506573,9.416756746,15.08113482,15.77702604,16.07964385,431.6032273,8.411169907,0.723540279,381.7196649,0.884422638,454.5869395,-919,-865,329589720,1.808755999,28,2.577544823,-846,16.92710867,-888.7961631,-887,-948,102,12.90377652,889.0348821,-0.415701337,359297798.8,0.315310342,424.4020956,9.780316256,15.97960329,-2.050240068,2.435971261,0.502981871,0.656132454,0.439698371,1.119909637,0.30354628,0.790534452,0.786479164,0.981180182,0.928212002,-0.237470121,0.737588907,0.385870539,3.04905617,0.153014554,3.103576374,0.668166904,0.255639672,6.09811234,2.549281084,0.734738283,4.540073196,57.93045564,0.138921956,3.795881281,131.4844125,0.783706847,9.654676259,32.41966427,350.1822542,4.47376299,0.180697442,0.07308809,0.691744092,0.01875652,55.73283329,0.292962826,0.871440889,8.746201991,8.808770446,95.51606149,1.23249135,0.217940685,3.893093574,60.78328314,0.311514623,0.456235012,3.580024933,0.544994925,4.418488579,0.136120833,6.933333333,0.231111111,1.573333333,8.333333333,1043.7,12234.2,104.9630833,0.344101852,3.933333333,0.131111111,0.324960487,3.921422353,0.108154922,4.348394346,0.071942446,850.49,2.899702974,0.023872482,3.423065762,0.027502454,0.190257725
0.734606857,0.534196166,23.51130163,44.01248666,40.01951399,52.23564054,52.41918838,53.36451359,21854.41799,32.3318745,0.66254872,5705.483695,0.261067748,21957.13656,-907,-846,14126584814,2.057505727,35,2.781602259,-792,19.5747855,-875.4249416,-875,-961,169,14.03350205,875.7609308,0.001798479,16840184150,0.278567014,588.3795527,21.8234489,26.21841516,-0.662922683,3.062479187,0.912444401,0.539411101,0.66072613,1.354518486,0.436732569,0.709062113,0.694778725,0.986376735,0.929320972,-0.16774133,0.623657546,0.464135663,4.61346499,0.103910503,3.73714864,0.548052807,0.197636956,9.226929979,2.818774865,0.993730897,6.146749921,1118.847983,0.060744231,21.32715625,5130.925837,1.017570391,21.49910419,133.6268527,2983.191378,6.975907727,0.059169669,0.025623024,0.510706605,0.00223279,3044.329696,0.260585163,1.145840766,21.16052001,5.406920048,118.7767067,0.29769064,0.062398809,3.651282625,6036.091525,0.476134389,0.63087865,1.871217456,0.689715257,14.40627422,0.044876372,53.93645485,0.180389481,3.249717565,19.51839465,284449.8161,6096645.077,14335.09616,0.118961225,62.09698997,0.207682241,0.449987609,8.666313281,0.055132013,5.392122939,0.016233237,280655.0088,49.07944298,0.000462765,13.22670716,0.01746846,0.01132793
0.740476356,0.561244591,14.80286968,26.37507768,26.83516516,31.61678621,31.57256813,34.65322849,5010.46065,19.53012142,0.700335958,2021.914575,0.40353866,5064.005435,-932,-865,3450577259,2.111840178,35,2.52217004,-814,20.47102059,-900.9201977,-903,-967,153,15.45615739,901.2673201,0.274747646,4113404424,0.255823611,625.5795544,13.89422211,24.4662597,0.732273773,3.050614255,1.463360512,0.351146098,0.854215366,1.546934593,0.622032092,0.659122172,0.633010885,0.972860108,0.901153116,-0.134101768,0.43622705,0.460061063,3.672436036,0.085490452,3.937078521,0.37873171,0.139390229,7.344872071,2.787102554,1.128493692,5.870875534,333.4557439,0.078497115,13.73240891,1086.738701,1.132635309,13.30202448,88.77824859,1263.719633,8.564859442,0.116613077,0.033174364,0.405163844,0.006194016,752.4794443,0.250741079,1.195212186,13.07621507,4.882316083,66.04660541,0.531399623,0.12313054,3.383860313,1942.020311,0.575435047,0.70527307,1.602672612,0.748530253,9.604413142,0.096351319,20.09677419,0.216094346,2.521216326,11.07526882,38667.05376,503691.8172,3427.103556,0.28903366,15.83870968,0.170308706,0.392959929,4.548746898,0.119962075,4.93343392,0.021892655,36580.62712,23.73307196,0.001698204,12.58592568,0.032597952,0.029414358
0.73999587,0.594241039,16.58217236,27.90479164,27.39366876,29.1411518,31.07903723,34.07724115,4322.699053,20.64943058,0.585190254,2192.924638,0.50730449,4391.059536,-929,-862,3234414825,2.172387452,35,2.855472421,-817,20.84640942,-895.7132572,-897,-967,150,15.16292964,896.0930903,0.184671102,3525945397,0.255710523,680.5873416,14.50863931,32.14461687,0.316850218,3.272318963,1.201253687,0.451036468,0.770663361,1.490798951,0.550008179,0.678420228,0.657406284,0.977335875,0.909371741,-0.13908665,0.537634583,0.46732691,3.740409695,0.092035334,3.930569491,0.458065505,0.195435372,7.480819391,2.856997232,1.118393162,6.048257229,287.6578947,0.071414572,17.76240103,1030.001986,1.209934628,14.93743793,89.95332671,1362.499503,8.111073804,0.105826606,0.038170877,0.546532096,0.005335704,696.5728743,0.24284091,1.306902358,14.82965268,3.91369561,59.10952645,0.381066343,0.110982789,3.429191821,1828.811225,0.583799524,0.711672141,1.196517721,0.762983811,11.2507609,0.087453946,22.28205128,0.190444883,2.589086128,13.87179487,26652.82051,379513.5214,2189.609419,0.20591139,12.72649573,0.108773468,0.274763625,4.021463079,0.050178923,5.623081306,0.029046673,25467.57806,18.291287,0.002077649,10.49338931,0.030589448,0.034676327
0.76301494,0.465302779,17.45156874,37.50583394,37.96143512,39.59211286,46.8688147,46.8688147,11644.87712,28.61751161,0.641909597,3870.498131,0.332377757,11729.61426,-856,-775,5184600569,2.335608809,41,3.311413543,-769,24.05010381,-812.4328149,-808,-930,161,17.31030539,812.9968429,-0.75857663,7752851193,0.226952018,916.7878115,39.12086527,55.36926879,-5.000821013,3.870894348,1.895850999,0.322470666,1.010751512,1.696900493,0.751053442,0.617042508,0.581470177,0.972829551,0.896886224,-0.118692033,0.467039075,0.461644131,6.214443439,0.074088388,4.197357458,0.387618317,0.139859246,12.42888688,2.92088538,1.441686337,5.974845098,618.4954105,0.078849491,14.19066896,1780.211627,1.636392621,38.12914329,74.11295258,3196.760199,1.968826999,0.033741165,0.048019475,1.508764134,0.002431917,1254.088196,0.216046589,1.732149423,36.92877652,3.34367615,134.0936018,0.103955741,0.035575259,3.457448467,3876.493586,0.618569848,0.74073275,0.984901347,0.791283575,28.46528899,0.029344014,47.48648649,0.183345508,3.154067471,28.34749035,40742.29344,1746802.336,991.5107894,0.063028787,48.91505792,0.188861227,0.436821278,12.398514,0.030960604,5.617581458,0.033018868,39825.06895,21.38218438,0.000885835,21.73409859,0.042695918,0.025856857
0.690884075,0.459870465,9.315138168,20.2560044,17.22093935,20.49657484,23.1366063,25.04920495,2000.629263,13.99455086,0.767747874,1000.099584,0.49989251,2033.106273,-897,-852,1430014058,1.598959084,22,2.952730623,-824,13.62387942,-875.4841823,-875,-932,108,10.04130104,875.6503697,0.044465143,1558911824,0.380330485,291.0165058,13.02124676,5.581699804,-0.089548324,1.404102222,0.649423233,0.364984324,0.541503401,1.208550756,0.341454049,0.746867718,0.740040283,0.982913323,0.924552024,-0.100697803,0.449707207,0.450541742,3.582201487,0.170265047,2.971901275,0.376982905,0.26533665,7.164402975,2.255454446,0.513381364,5.384428817,123.889008,0.066428423,17.03942844,709.3163539,0.537617894,12.99302949,104.213941,1363.458445,8.888105302,0.094203902,0.042121436,0.557684503,0.005592537,451.6175352,0.352256518,0.627234079,12.9356922,4.844514039,62.94777021,0.432408971,0.098437188,2.953201032,725.0573569,0.520189444,0.679356568,1.641508754,0.719756991,9.283545856,0.0733903,16.81818182,0.254820937,1.863406795,13.07575758,18591.56061,237211.6667,1585.097471,0.160004209,16.78787879,0.2543618,0.51941326,7.427368456,0.081039551,4.516090764,0.03538874,17793.07002,9.753876982,0.003999122,6.294476006,0.014684085,0.054262955
0.689169352,0.566653833,19.79170863,34.92733567,36.83523952,37.86650926,34.2197096,43.68159791,10442.62922,24.07084929,0.669116817,3452.937769,0.330657892,10498.1971,-875,-808,6714354649,2.040362489,36,2.745433138,-776,20.44609549,-839.2187927,-836,-932,156,15.271142,839.5946184,-0.493789056,7400379898,0.278489997,630.9413161,26.29178435,20.66379186,-2.000227756,2.548836915,1.110627166,0.371454177,0.728506997,1.438488204,0.516309264,0.692259613,0.673536487,0.979008431,0.913993512,-0.129614694,0.429027277,0.458941695,5.091703813,0.113899204,3.616210046,0.378928097,0.188163095,10.18340763,2.629105348,0.91486602,5.972597771,584.7369029,0.061389701,22.10004446,2652.617218,1.04735014,25.4711811,122.0433596,3457.500157,4.8149416,0.048969527,0.02987546,0.682747917,0.002265334,1603.676823,0.256125684,1.182581209,24.5600349,5.487975233,146.3379122,0.244057998,0.05261218,3.532698171,3549.352813,0.514630492,0.653955179,1.971806775,0.71370434,16.94189385,0.039809995,36.48351648,0.200458882,3.445477599,22.67032967,129159.7527,3526518.005,5085.913146,0.099237061,31.62637363,0.173771284,0.412762475,10.17792334,0.044495683,5.377165925,0.019107612,126420.7833,31.17813199,0.000822703,11.55108574,0.026687686,0.016301631
0.839075942,0.583523326,23.90901635,40.97354,41.4814831,47.13691945,48.48871198,52.56345362,20050.92994,34.37991166,0.583811174,6113.661672,0.30490664,20142.46071,-916,-795,15490835047,2.759632928,80,1.878245789,-769,38.56636781,-852.9274345,-849,-967,198,32.36279582,854.0849249,-0.204206197,14693140718,0.156051271,1975.85031,34.52745451,201.3127687,-9.456931746,9.560675341,2.265724047,0.607047378,1.020477457,1.74949193,0.989611547,0.644123769,0.607152225,0.974712069,0.908182286,-0.229272465,0.693079966,0.383277442,5.71632196,0.052995863,4.734098164,0.623665829,0.106054724,11.43264392,3.492681628,2.956599847,6.656106534,1530.540215,0.072072905,23.68585584,3313.904784,3.220317925,32.48752119,115.7992089,4667.043558,4.732202569,0.056797439,0.026893093,0.683755233,0.002487801,2200.510659,0.15435193,3.116333503,30.11994146,7.629138214,278.1640149,0.366672846,0.062539569,4.147483011,9140.671044,0.555950984,0.669324224,3.159815787,0.72745614,20.72593759,0.048259795,40.87351779,0.161555406,4.760955491,20.41501976,222067.004,8245086.534,8047.741796,0.16574569,30.7312253,0.121467294,0.330659708,6.973857051,0.060149558,6.130935669,0.011913731,215021.6245,50.19892272,0.000446078,22.49749343,0.062978763,0.012105555
0.904284126,0.479606829,18.26397405,38.08113842,39.72596119,44.93810916,45.8743321,49.30817923,13736.22128,34.43616895,0.606074086,4576.532964,0.33317263,13818.26439,-913,-801,12915625151,2.660090607,73,1.920126534,-773,35.94619898,-851.8868488,-846,-964,191,29.40761093,852.8985532,-0.277856356,10051902173,0.170495859,1724.738929,33.90040497,138.6122359,-7.85068739,7.663617567,2.884365478,0.444467428,1.185868958,1.794691668,1.082760184,0.613752596,0.567486414,0.968060347,0.895307409,-0.214594304,0.582763125,0.355144684,5.717037299,0.060531916,4.60480656,0.471900097,0.137274617,11.4340746,3.318214367,2.636995761,6.197573466,1789.21853,0.100772657,16.26831623,3027.153985,2.792693136,32.50701211,96.99684596,3766.666967,3.738697671,0.051180415,0.024467963,0.653525289,0.001746815,2025.734875,0.163764955,2.806824627,30.84251905,9.643075551,331.4094378,0.448501757,0.054993051,4.005481558,8862.373791,0.596764749,0.692888244,3.914867026,0.730864464,21.58516272,0.042214274,29.53416149,0.183441997,4.317426025,20.91925466,269323.882,10279688.11,9298.499145,0.123239859,16.97515528,0.105435747,0.310912148,5.692522365,0.038057079,5.858993737,0.009067868,257162.3132,46.5989502,0.000441354,26.28948844,0.062307241,0.012196597
0.759640402,0.549157803,28.16648893,51.29033727,56.78937364,56.20414068,55.78021051,61.88012921,22189.33822,38.96221242,0.487436746,7834.213902,0.35306208,22299.8509,-900,-836,15425863824,2.110833842,32,3.988849463,-769,19.89479653,-868.0043019,-868,-951,182,14.01991326,868.389151,0.434829876,16816311264,0.280122132,668.2494926,24.1457015,37.5604746,1.891938572,2.957246319,1.222615807,0.401892463,0.767795822,1.495817965,0.571644793,0.680879182,0.660649032,0.985721973,0.927138684,-0.126327977,0.467875556,0.46742435,4.869470302,0.101655737,3.846983932,0.432694166,0.202630841,9.738940605,2.767863134,1.044965531,6.028818532,1410.549961,0.068955317,18.01914017,5730.178334,1.137396419,24.38208838,100.8900078,2469.603735,4.665284917,0.050843602,0.033269027,0.791056018,0.002222754,3684.720327,0.260508287,1.270973156,24.29450702,4.411836809,108.438013,0.213889754,0.052540148,3.493354861,8598.272772,0.555972237,0.688332932,1.418794739,0.743539635,18.03428901,0.04002474,77.13422819,0.172559795,3.233978449,23.65548098,215091.1409,4935950.546,9893.638548,0.084600256,72.15436242,0.161419155,0.393690204,9.351687162,0.035819552,5.933154736,0.021851779,212996.9013,46.28400389,0.000398584,18.55109162,0.016665529,0.013071842
0.606439511,0.368605339,21.01689413,57.01733509,48.339819,55.11399373,56.78563181,59.40082898,13505.70329,34.57756482,0.433087293,6332.669448,0.468888536,13666.13896,-865,-779,7808937385,2.441349987,51,2.479892399,-769,26.81016107,-824.6895499,-824,-935,166,20.20104317,825.330475,-0.174965234,9308969246,0.205993099,1057.539263,34.41653527,89.67392259,-3.121946743,5.643845065,1.347107607,0.614933396,0.818491819,1.555247642,0.615111601,0.666262875,0.642868776,0.980387791,0.914609165,-0.189975974,0.707536138,0.46965628,5.772813341,0.063283705,4.363448555,0.679204198,0.116279414,11.54562668,3.23822844,1.747738168,6.082268809,999.7899512,0.087211266,12.11806963,2361.504885,1.786351394,32.41172366,66.65160502,2435.459525,2.33193387,0.04160486,0.046673941,1.308839051,0.002704898,1781.385471,0.205228065,1.802025805,31.5000203,3.569310193,121.8027266,0.136264064,0.043408354,3.494821221,6088.622055,0.64073867,0.754435289,1.082302977,0.797034986,24.61546144,0.035438082,61.70103093,0.159023276,2.981261292,26.23453608,39670.61856,1252955.985,1345.505915,0.073430096,52.87628866,0.136279094,0.351915383,8.941947587,0.030032931,6.129523882,0.03384508,38797.62929,27.35492404,0.000879489,14.27008273,0.032799794,0.022004116
0.867149092,0.559353512,24.62463086,44.0233776,45.40460215,53.12497882,45.85163986,53.39580502,28488.5075,38.17483191,0.709864574,6354.602943,0.223058472,28567.2849,-877,-831,17540893342,1.688742072,23,3.475779112,-769,14.46111351,-855.3466867,-856,-928,159,9.769439595,855.5515815,0.28918778,20910352922,0.378039361,350.5542366,19.2620013,12.12314946,1.032972471,1.846544677,0.569973969,0.526530294,0.481413586,1.156742342,0.323718497,0.773511058,0.768137912,0.991367224,0.947480234,-0.168323087,0.60275247,0.408964431,4.352195898,0.184517937,3.042489355,0.537343552,0.348224845,8.704391796,2.410545337,0.604129662,6.058518715,1075.321148,0.044872356,36.44365131,9059.335253,0.623308983,18.97103989,222.239526,4172.266567,12.7844707,0.060909677,0.019441118,0.343563927,0.001609018,3951.264519,0.318872009,0.794118214,19.05057407,8.969443404,166.903839,0.53153153,0.063428725,3.774927116,5112.071626,0.384534128,0.514203998,3.818361302,0.619828289,11.73133855,0.041009134,95.82666667,0.319422222,2.044933333,16.33333333,702579,12593036.88,41090.2259,0.102589706,74.97333333,0.249911111,0.511679518,8.068709077,0.054520263,4.766183126,0.012518778,696198.1856,62.24608615,0.000345452,11.24696395,0.00865998,0.010160768
0.643040122,0.53803101,16.63142726,30.91165182,27.18863642,36.06078197,34.88034394,37.35811178,6857.338432,19.87743236,0.710521665,2456.653219,0.35825171,6902.490669,-884,-828,5033745893,1.86091114,30,2.442999996,-800,17.39562768,-857.5379331,-859,-920,120,13.06036508,857.7996188,0.068092357,5078991969,0.312616405,448.879463,11.40798912,13.49697874,0.331088684,2.260681042,0.762828505,0.494045824,0.586206101,1.229133312,0.365708092,0.73525597,0.72455919,0.980180632,0.919358907,-0.181232901,0.5646598,0.441843048,3.321106942,0.134950298,3.338820317,0.499223832,0.234425043,6.642213885,2.548448035,0.755877387,5.882381408,426.7354188,0.062379099,21.51418113,2138.608829,0.782282061,11.00526239,145.9600936,1704.474054,15.81941781,0.132451234,0.020280273,0.183141554,0.005340322,1238.645731,0.293549296,0.881109959,10.62651932,9.721927277,111.8062408,1.110514313,0.147761792,3.544165832,2203.478696,0.454865784,0.609402584,3.934371024,0.651758682,6.745123965,0.103903936,20.78666667,0.277155556,1.928888889,7.066666667,180987.5867,1944139.373,19489.3285,0.476025926,11.42666667,0.152355556,0.375973461,2.692124715,0.199168701,4.84831614,0.010963309,172667.7145,41.7293885,0.001210601,6.560486087,0.022841924,0.015181111
0.54197368,0.479955114,18.12027408,37.75410146,27.05585657,40.57270555,40.84282424,44.61152343,9655.528746,20.4617293,0.700274225,3131.362578,0.324307727,9730.566538,-884,-808,6379396371,2.21503212,44,2.249777535,-769,23.83251442,-844.9216894,-846,-932,163,18.84339998,845.3982651,-0.063765122,6954418649,0.23708151,805.565344,24.58353144,33.1479538,-0.71660642,3.61736234,1.316484829,0.459136652,0.824845951,1.488789891,0.54224769,0.661007764,0.636509228,0.980665258,0.913602139,-0.152806634,0.541060595,0.473396902,4.899085034,0.081371141,4.004865541,0.47019219,0.124495154,9.798170069,2.916194108,1.233461792,6.042991632,641.3782209,0.071855055,16.93068007,2116.189559,1.314853791,23.68989469,100.9262828,2677.018597,4.577240866,0.055555966,0.030310711,0.614850067,0.002499333,1415.932982,0.230619673,1.387065825,22.8677189,4.928580017,122.205235,0.252571246,0.058952802,3.555326958,3756.736863,0.551067628,0.685964943,1.643718532,0.73591549,16.28955936,0.045503061,32.93377483,0.218104469,3.396079119,17.94701987,113582.5828,2795733.589,5204.417331,0.124537888,27.59602649,0.182755142,0.421785968,8.160375089,0.051023539,5.140722921,0.016916872,110088.2853,26.70084575,0.000912212,15.57877637,0.026864309,0.020735967
0.823834877,0.694852921,29.44731611,42.37920746,47.90887084,47.57678286,43.53374949,54.83555995,28989.83172,34.91346918,0.737852862,6185.072875,0.213353183,29075.11595,-833,-775,15605850864,1.875413686,25,4.658942113,-769,17.51692219,-799.5716277,-795,-907,138,11.89198017,799.9039217,-1.25620281,18603604893,0.349557174,531.496038,32.49964294,32.7915934,-4.835219402,2.504356791,0.820165834,0.489711025,0.583345163,1.328827555,0.451688942,0.743400899,0.7318256,0.984344565,0.930219732,-0.149724842,0.53760015,0.41635752,5.663517789,0.179351039,3.253838907,0.524461975,0.368110468,11.32703558,2.494411569,0.831130656,5.962010093,1108.926199,0.045466429,37.0852544,8525.699467,0.973923485,31.79667897,196.703977,6792.588889,6.086072616,0.038160512,0.02339279,0.629134915,0.0015329,3582.966636,0.265361781,1.253722089,30.35650653,7.509990365,249.1394897,0.255768389,0.04229075,3.790812939,6173.191761,0.424969956,0.552537295,3.144386148,0.655731587,18.99620474,0.030197226,73.04719764,0.215478459,3.186954517,25.46312684,582460.5487,20076813.01,17356.42425,0.086199841,74.97640118,0.221169325,0.478558712,11.82523139,0.050584174,5.216372039,0.013899139,577284.1919,58.51138805,0.000345508,11.09594203,0.021775579,0.009024663
0.693436901,0.498651155,25.07795406,50.29157917,44.3195675,54.66367008,56.94718323,60.81639788,24975.41349,34.87403681,0.608974343,6785.162509,0.271673681,25097.23758,-881,-769,11362675218,2.642357408,76,2.143870344,-769,36.61878125,-816.5407155,-808,-951,182,31.19288047,817.649048,-0.52854739,16778757321,0.173870898,1811.225749,49.7146627,192.9993736,-12.78741036,8.744763932,2.852672589,0.50108875,1.133505348,1.886875032,1.296849609,0.627825438,0.588044008,0.96913935,0.900293734,-0.188727591,0.599555556,0.37847997,6.945602055,0.055035842,4.725907019,0.546498271,0.125648065,13.89120411,3.397938891,2.89935913,6.418048609,1307.566604,0.076933785,19.43392688,2955.109791,3.126487679,50.78083078,98.22722994,5602.244234,2.26471684,0.027855746,0.03279414,1.366452175,0.001358202,2005.137912,0.16810245,3.067312594,47.98719286,7.324908392,459.6709142,0.154395157,0.030007911,3.925879646,7847.165518,0.587096244,0.697055416,3.745191381,0.761003432,36.21931448,0.023340432,38.18705036,0.137363491,4.049544537,32.27697842,140938.6331,8843414.817,2632.782839,0.063635572,34.29496403,0.12336318,0.342327149,11.86983058,0.025072818,6.337407055,0.01635679,137200.9382,33.81585839,0.00045454,30.31879653,0.066838307,0.018461088
0.715048394,0.531312375,30.17385473,56.79117622,52.46336976,64.71118143,62.79107635,65.78744601,47358.42244,40.60843936,0.69603903,9094.566783,0.192036945,47446.62476,-907,-830,34720810286,2.10323756,31,3.569273966,-798,22.93805427,-858.7807928,-849,-980,182,15.82681978,859.2808666,-1.065808323,35032861025,0.294864106,859.1575879,40.98618968,56.92789047,-7.749119876,3.613970972,1.073356985,0.515787609,0.635215905,1.429152144,0.611418192,0.74090171,0.724887618,0.987603986,0.940176143,-0.186572293,0.578209332,0.379662697,6.351615275,0.155635682,3.522392065,0.526725233,0.326592899,12.70323055,2.703329598,1.171831989,6.223998703,2139.117727,0.045489914,41.42538093,13865.68973,1.448944964,39.56428632,209.1538789,9402.978883,5.014369059,0.031713245,0.019435616,0.591559494,0.001054716,5744.118687,0.223223744,1.810737321,36.3506923,10.76943237,464.0934438,0.28646392,0.036732646,4.095496171,12099.20548,0.424676305,0.54034601,5.033013243,0.644694773,21.72485192,0.026397682,85.61935484,0.184127645,4.55926003,28.76989247,1345428.895,60079223.23,31248.91766,0.076536343,58.10537634,0.124957799,0.336073877,9.549818305,0.028469475,6.175842817,0.009888568,1335202.248,73.8854643,0.00017989,18.77890882,0.020833526,0.007020339
0.887466092,0.607105361,11.62202447,19.1433402,22.25145696,24.54150135,22.38442862,25.74509054,2498.750212,16.98906531,0.730451169,1219.106085,0.487886336,2533.839067,-912,-859,1616159925,1.800467948,25,3.357908813,-820,16.25370827,-889.1781694,-892,-940,120,11.1983038,889.4222374,0.683860947,2004448926,0.336999015,434.0994353,9.382528325,15.54124689,1.795308631,2.181002736,0.758301213,0.483061529,0.574654364,1.280640896,0.400520323,0.741162352,0.731037503,0.980410189,0.921085057,-0.158162048,0.583212461,0.433969297,3.00444471,0.14898137,3.293484923,0.524003182,0.29576043,6.00888942,2.512737332,0.734825987,5.800445777,127.0362212,0.062181215,22.02549589,688.4889868,0.7475752,9.575134606,127.2310328,1172.568771,17.07017213,0.151664763,0.026504574,0.272586164,0.006122695,407.8316591,0.308179258,0.864735659,9.693404833,5.50348285,51.97399925,0.771824142,0.159802902,3.324720252,708.3562386,0.487119715,0.643962499,1.842965292,0.692796102,6.799102902,0.114845718,8.128205128,0.208415516,2.297172913,10.69230769,31083.97436,259277.0769,4286.827835,0.327820513,5.153846154,0.132149901,0.346397467,3.875540155,0.136659551,4.548097411,0.019089574,28339.82643,13.68843301,0.003900128,6.634938158,0.021448578,0.053828211
0.824704965,0.44605949,15.39384152,34.51073651,35.01682486,38.66106701,35.99640853,38.8455395,6627.130965,28.46117576,0.554325536,3078.007034,0.464455441,6711.046978,-897,-798,4325598867,2.619489048,51,2.548337679,-769,30.91548663,-847.670273,-846,-954,185,22.7347557,848.5123336,-0.184426266,4831773836,0.184276491,1428.288584,32.99049193,85.55102936,-2.951010693,5.038264136,2.284005776,0.321015147,1.102088248,1.722899681,0.829259699,0.604452422,0.562915059,0.974092655,0.899710572,-0.165458293,0.498509725,0.430112622,5.683447753,0.061384121,4.494052929,0.397408564,0.108870838,11.36689551,3.100248363,1.830567478,6.078679441,599.6741012,0.0998126,9.416558105,1107.133156,2.269067342,34.07656458,63.28062583,2240.963715,2.333689342,0.043719419,0.041021207,1.24344595,0.002757654,813.99907,0.179011688,2.385788789,33.43951269,4.515310783,161.9831314,0.178263085,0.045950351,3.683138975,3413.524111,0.659435356,0.756184062,1.494897225,0.792527771,26.39562888,0.037363933,21.42857143,0.139146568,4.401964918,28.56493506,27979.07792,908843.2468,964.8674493,0.090265716,23.66233766,0.153651543,0.385524791,10.07084349,0.043420478,5.769502817,0.02563249,26457.06477,14.18924629,0.001407962,22.47916266,0.043143482,0.04090308
0.587214687,0.304811987,12.28242017,40.29506943,31.32045281,40.77646045,41.50596502,43.89757824,7365.986586,23.66185659,0.631078042,2901.048596,0.393843861,7421.102524,-951,-856,6003921646,2.633759618,51,2.758072607,-789,29.44530523,-902.7537729,-903,-1002,213,21.27805362,903.4958652,0.239093842,6057881452,0.182584007,1340.403954,33.62046484,114.5762168,3.57760043,6.303637106,2.878363379,0.374167238,1.260874478,1.756775733,0.885299948,0.578212241,0.525305175,0.973357794,0.89669422,-0.197034464,0.606665352,0.379002063,5.721548821,0.054975699,4.736449334,0.46096216,0.10205961,11.44309764,3.285231213,2.295500121,6.159867636,738.2103331,0.100368502,12.86030062,1342.90537,2.319795881,31.61210061,75.58110129,2656.419443,2.821366809,0.045634326,0.034756833,0.971498534,0.002094387,970.6314122,0.179479961,2.396656027,30.76762396,6.126933114,199.5138242,0.262212191,0.047886872,3.784714294,4058.303154,0.643456035,0.73385975,2.191473078,0.774206239,23.36565821,0.038175533,22.71653543,0.178870358,3.966147932,24.03937008,68390.19685,2105578.575,2594.462867,0.087995533,17.80314961,0.14018228,0.365493252,9.673403248,0.031794895,5.623934194,0.017267165,65036.23659,20.3727156,0.000878318,38.5046939,0.04777484,0.031036183
0.432114194,0.226116679,17.4751428,77.28374082,35.39400939,82.92091959,61.41002692,85.75980608,9309.170246,33.39540136,0.379522183,5638.811904,0.605726585,9468.338013,-961,-900,8175626573,2.109520369,29,6.559931075,-769,21.06443901,-932.9440537,-938,-996,227,13.24922856,933.3972644,1.553495754,8249104418,0.292232353,845.8458683,10.28289591,80.8425442,9.07630453,3.215677103,1.727280576,0.248919355,0.850205273,1.603277366,0.850546907,0.681329003,0.653730339,0.984222164,0.928652465,-0.170513928,0.480540814,0.396697398,3.147982106,0.122946307,3.678761883,0.403573092,0.236518509,6.295964213,2.56662659,1.23573942,5.701227488,907.3073316,0.09668663,15.26721778,2742.308397,1.469165151,11.50639386,83.66773231,848.355925,11.31189589,0.147098181,0.033327823,0.457473123,0.006858909,1865.99331,0.268118811,1.71599766,12.12165687,7.777239148,80.24584838,1.125634141,0.151615271,3.420617289,5048.449182,0.630476501,0.720366909,3.18394107,0.763470356,9.398597082,0.118003449,31,0.158974359,4.226587771,16.1025641,40816.89231,351804.7692,5646.360803,0.285124893,15.92307692,0.081656805,0.25608197,3.043792286,0.119046055,6.311706595,0.020780051,38501.06178,25.90102148,0.000984549,24.20354173,0.01465271,0.071975613
0.356442171,0.13039436,10.95928067,84.04719853,32.69758212,58.03924521,33.63427261,65.64991312,4098.838968,29.95796591,0.486441509,2546.209115,0.621202525,4191.269503,-916,-836,2652615014,2.303924959,38,3.014816276,-782,23.88529895,-878.5021847,-881,-961,179,16.97326359,879.0229419,0.53429337,3238515704,0.238370678,915.2438781,20.93873763,57.73203021,4.214820327,4.498902407,1.390456082,0.52652459,0.859745163,1.496286813,0.544928832,0.648858248,0.622719002,0.979627145,0.910124281,-0.183106335,0.651890231,0.483809537,4.490062432,0.078601005,4.164031855,0.552779866,0.147784079,8.980124864,3.039569904,1.472339622,5.780511159,329.5779202,0.09600289,9.081957482,818.3265366,1.506034243,21.18467812,61.37343431,1318.136033,3.644897695,0.06601886,0.044118075,0.842458744,0.004357931,607.7572178,0.231543235,1.575900833,20.93212928,3.973239816,86.42418043,0.243708521,0.068589952,3.353450132,1939.271045,0.658523265,0.760335208,1.19153388,0.794324872,16.587749,0.055462888,22.22522523,0.200227254,2.801233666,16.84684685,11934.58559,254466.027,648.9998549,0.127728047,16.15315315,0.145523902,0.363869819,6.090180965,0.058979498,5.28746407,0.032333236,10978.04886,11.17677616,0.002516961,13.93763698,0.028720821,0.059003898
0.86632021,0.674563138,20.96598246,31.08083036,36.70014661,35.66371772,37.5,39.41498936,8840.757906,26.92595148,0.597015288,3463.312423,0.391743837,8930.949569,-915,-828,3448557209,2.387850729,51,2.13557378,-787,27.28454706,-872.6804511,-874,-953,166,21.09156916,873.2798482,0.143513315,6810900159,0.209044837,1046.523497,24.09453888,55.53385922,0.17239557,4.793454705,2.153192843,0.389895065,1.079477951,1.681681496,0.764497391,0.60958502,0.566515958,0.969223,0.891247486,-0.160309244,0.545319655,0.411949395,4.83926517,0.061817512,4.389450349,0.430306587,0.104257101,9.678530339,3.10380108,1.736661887,6.038704794,378.6545776,0.083736085,13.6293468,945.3007519,1.703242989,22.89540027,76.20787262,2020.202344,3.884331103,0.062807964,0.043703745,0.849330711,0.004289011,697.9963801,0.209579978,1.709265394,22.05843995,4.353715909,106.7178421,0.248029718,0.066365047,3.504636162,2292.929291,0.615891647,0.734205423,1.425511562,0.776139248,16.67480398,0.053353359,25.5,0.1875,3.21366782,18.05882353,19915.32353,432056.7426,1085.240216,0.127982745,28.36764706,0.20858564,0.456589002,7.851053554,0.068638177,5.162317762,0.030075188,18809.76103,20.08581985,0.001474915,19.90722985,0.046067939,0.032536072
0.549400139,0.435076432,11.32873744,26.03849943,22.73900746,19.65122883,30.77720008,30.82309426,2913.670735,14.30555521,0.690692188,1428.323435,0.490214429,2964.731995,-862,-782,1682696846,2.298318008,51,2.185885486,-769,25.43781358,-822.0032167,-824,-903,134,20.00151205,822.5551915,-0.109917449,2005928901,0.223777717,907.7547142,23.9273159,34.9466738,-1.066844133,3.534516144,2.020809618,0.265586272,1.055635507,1.647025606,0.700779204,0.607940528,0.567740285,0.962970767,0.880589244,-0.142496568,0.484679097,0.441453797,4.851728279,0.074001165,4.130072139,0.414968232,0.118025377,9.703456558,2.867377338,1.38883144,5.803448811,223.4045034,0.089828912,11.67659703,556.535183,1.491258525,22.96984318,67.85725774,1764.820265,3.348068013,0.061227129,0.041198478,0.809717012,0.003858793,411.6394619,0.220267001,1.5317021,22.20963458,4.326369282,107.8122203,0.233222638,0.064756164,3.354677454,1352.774858,0.644055107,0.750177848,1.441976556,0.789088157,17.24308247,0.052578282,13.42253521,0.189049792,3.110890696,19.45070423,13385.95775,334518.8451,609.1407306,0.123036632,6.971830986,0.098194803,0.287284215,4.66562164,0.049349748,5.468556585,0.028548452,12158.98512,12.89603753,0.002665146,14.51649948,0.05126752,0.045956031
0.727635104,0.693388076,49.53346475,71.4368569,68.7373243,77.46461668,86.72719322,86.72719322,127309.2144,51.9799648,0.69825048,17527.20933,0.137674319,127411.0381,-881,-808,89576262009,2.172450205,42,2.752000928,-769,23.66243559,-841.7514413,-840,-961,192,17.88693506,842.2403806,-0.503189039,90381422701,0.254162704,823.3698524,36.30677458,40.10740769,-3.516249512,3.585327986,1.162404173,0.498476025,0.719075107,1.449631017,0.558212945,0.704680999,0.684220656,0.986405489,0.931937535,-0.182270469,0.562687808,0.418453907,5.974806225,0.103632489,3.821990953,0.504124441,0.191386797,11.94961245,2.846535326,1.18693304,6.362417047,6579.501077,0.05210413,31.29502426,32094.64962,1.299641461,35.83951028,176.1164909,7023.069103,4.917491651,0.033940734,0.01918345,0.591483517,0.000965101,16882.51051,0.231098416,1.468311581,33.87135819,10.07961065,395.5463681,0.29620908,0.037233599,4.003079872,36315.55893,0.440823419,0.575608496,4.63339654,0.652199324,21.15189289,0.025967601,207.6776046,0.17036719,4.31677682,30.26907301,3127182.646,121321699.9,86365.42014,0.070665891,172.662018,0.141642345,0.360745758,10.9900048,0.027395623,6.340092169,0.009653458,3116451.794,230.7977779,6.43E-05,20.25143324,0.02011877,0.002234403
0.8527735,0.22752061,9.694476613,42.60922387,38.43311466,32.34628837,54.63513113,54.63513113,7476.451291,36.33601697,0.615576728,3003.762586,0.401763145,7556.669127,-884,-830,4649918922,1.882276836,28,3.711859748,-769,17.0795362,-856.1889888,-859,-932,163,12.03722742,856.4703136,0.389458094,5543129635,0.326559361,481.8134708,18.36400083,12.9876593,0.714712203,1.848696939,1.008937993,0.27370212,0.71715577,1.437231522,0.479110991,0.68667766,0.670499529,0.984974113,0.923474217,-0.06304148,0.339286794,0.493010577,4.260674953,0.125464321,3.47259282,0.295358024,0.243961328,8.521349907,2.449808446,0.714408733,5.402834302,496.3702477,0.078304188,12.36696745,2070.059789,0.815836061,19.22763843,71.01419782,1304.758795,4.234105907,0.063385915,0.052070265,1.056734116,0.004393417,1425.458089,0.300256343,0.931286433,19.43960069,2.916043117,55.09609121,0.179598229,0.064612183,3.005013394,2970.505852,0.595364555,0.743917386,0.743569793,0.782162597,15.34905384,0.051312307,67.02,0.2234,2.729722222,20.51,31912.98333,566756.9867,1860.099319,0.098504521,50.03333333,0.166777778,0.395720885,8.078331832,0.04499574,5.437683612,0.047326077,31466.50643,19.19574394,0.001194044,14.14109196,0.014680106,0.030607286
0.922095696,0.848078104,9.804644548,11.56101602,15.03739669,14.67632359,13.32747761,15.71954556,901.817352,10.66036311,0.815838646,553.2977561,0.613536383,923.871048,-919,-871,622088588,1.735351011,29,2.621516838,-846,14.99662851,-895.7419355,-897,-945,99,11.22104793,895.9324485,-0.040284806,741586626.7,0.348085744,341.3372737,8.07716851,9.964601948,-0.307033914,1.911559961,0.572826153,0.537101696,0.498419496,1.143191131,0.309288687,0.763191361,0.758230918,0.97856032,0.918701671,-0.181844942,0.642855328,0.433313672,2.782490986,0.16046301,3.085657384,0.552825038,0.302448022,5.564981973,2.450173798,0.621096529,5.469657966,53.79483871,0.069412695,15.98625432,269.7664516,0.658940271,8.050322581,112.3806452,970.68,17.33732975,0.206084588,0.025127136,0.175114651,0.009076552,167.7067508,0.323473466,0.742066,7.824252053,5.195564808,43.5891249,0.923328023,0.228377941,3.098156672,280.9295161,0.493786927,0.660843672,1.657407835,0.690952062,5.303473239,0.170557371,3.933333333,0.262222222,1.822222222,7.266666667,11676.86667,100533.9333,1559.276926,0.479981481,1.533333333,0.102222222,0.224873484,0.895014969,0.159188865,3.773557262,0.019354839,9007.422222,6.935408515,0.010683117,3.860319381,0.025801491,0.090228392
0.607787348,0.35567557,25.34447821,71.25729265,48.7412597,84.62114213,66.54812201,91.7405202,41336.32699,43.30928096,0.517321199,11175.79529,0.270362563,41465.39344,-932,-856,32677875150,2.336444649,39,2.943467148,-805,23.66780001,-891.2205081,-891,-996,191,16.97144968,891.7171683,-0.29756158,32971601858,0.230376353,885.5142047,25.8535857,51.76437963,-2.444591295,3.99880021,1.725262175,0.38593875,0.908678461,1.638787353,0.763224668,0.653379919,0.62408995,0.975549594,0.907351245,-0.145833929,0.443979238,0.43960461,5.028204334,0.078584321,4.228729796,0.396620362,0.162077379,10.05640867,2.982552901,1.431015596,6.290834922,2840.345435,0.069114888,19.6645654,9467.546623,1.537764162,25.83132178,107.2201674,2942.913958,4.844762415,0.0565405,0.028399932,0.649530895,0.002487963,6017.119157,0.215420655,1.684506657,25.20080195,5.494549257,147.3367179,0.28137262,0.060624129,3.752734306,17347.69676,0.55358366,0.678572498,1.979392769,0.734916914,18.2010846,0.046879335,100.862069,0.165619161,3.855910656,21.21018062,553928.8736,14824990.84,22298.81622,0.136989386,71.16091954,0.116848801,0.319921511,6.812188052,0.050291109,6.466147371,0.01481896,549375.1725,122.0209679,0.000191556,17.01241535,0.036194911,0.004118526
0.596898394,0.391551477,14.04207679,35.86265822,29.07364306,31.20501888,36.33032581,41.69060998,6632.395129,21.40636309,0.666779713,2560.247837,0.386021609,6698.666226,-887,-843,3079528519,1.649736705,23,3.114060001,-801,14.40503258,-864.4692887,-865,-932,131,10.12045706,864.6616936,-0.208817396,5008189774,0.37514786,332.6933394,16.47804071,6.500072728,-0.392654662,1.42250537,0.801201203,0.277934341,0.626023419,1.317372332,0.398082313,0.714878811,0.704496936,0.979155915,0.91363377,-0.05757218,0.337535709,0.485010958,4.039973641,0.157650545,3.141620468,0.28322266,0.304447084,8.079947282,2.279752273,0.555926643,5.476822867,259.8162175,0.063077499,19.97079575,1545.234037,0.580227784,16.22869629,111.3335761,1885.990289,7.086819684,0.073949381,0.039591626,0.59037361,0.00488002,931.9950404,0.335391772,0.686987254,15.98057076,3.762440917,62.00179904,0.260083429,0.078028469,3.071686925,1492.596897,0.515289713,0.670831232,1.144696748,0.731415899,11.49983909,0.059841612,35.15714286,0.251122449,2.149795918,14.5,39426.59286,659857.9,2440.325565,0.146220238,30.92857143,0.220918367,0.457936046,6.952953949,0.077677647,4.668411702,0.033988832,38560.9724,19.23424027,0.001827275,7.200606273,0.01799316,0.023202661
0.676717616,0.359721518,14.69867555,40.86126302,40.5916235,36.06634471,37.5214641,47.93834703,9581.138813,27.65153649,0.60957046,3578.807181,0.373526284,9657.134658,-894,-840,6077561156,1.80627652,26,2.98341331,-805,16.31867985,-865.9126034,-865,-938,133,12.05722537,866.1544735,-0.377497092,7245010057,0.333399262,418.9352084,16.2813881,10.83447583,-0.948741865,1.826167755,0.958290241,0.309612147,0.689888478,1.382416761,0.448846546,0.696658282,0.681813961,0.975434358,0.906085526,-0.086100702,0.3670189,0.484031861,4.007795323,0.131607776,3.385491853,0.316849403,0.251069894,8.015590646,2.436593855,0.696114499,5.70964446,513.5399333,0.063392166,20.27986194,2700.867424,0.731866957,16.0065424,111.766572,1908.155166,7.347172263,0.081491208,0.033590066,0.485774125,0.005047032,1662.079253,0.304101681,0.847055837,15.64805444,4.354237104,71.15316972,0.322341146,0.087827088,3.246023994,3128.488097,0.534673828,0.670581979,1.430078178,0.735713398,11.2561369,0.068619673,43.24870466,0.224086553,2.826062445,13.99481865,102777.0311,1661471.155,6826.973931,0.212551813,34.36787565,0.178071895,0.411371991,6.423528932,0.095008483,5.232868277,0.023824219,101015.2066,39.91165991,0.000943596,7.337962722,0.024175192,0.01140602
0.935318062,0.375826572,8.510809545,22.6455769,23.41371737,27.62392599,25.46133141,28.34472883,2513.226631,21.18081711,0.635046289,1407.666722,0.560103377,2555.016466,-916,-852,1428890042,2.034951066,32,2.797824402,-811,19.03274685,-884.7730263,-884,-951,140,14.43267515,885.0890907,0.200060726,2001555693,0.284332078,559.3903689,19.29878106,20.17593253,0.443493416,2.541005516,1.314669793,0.320676093,0.830524757,1.536403679,0.571891478,0.65678859,0.632875247,0.975212307,0.902613515,-0.092213983,0.430329257,0.486549028,4.357082969,0.094338777,3.85055378,0.357626866,0.173995378,8.714165938,2.69517231,0.963918827,5.732386759,132.4802632,0.072631723,16.61768886,518.6217105,0.986683102,18.24287281,79.93530702,1596.143092,4.579542566,0.071743499,0.055740105,0.856182923,0.006987094,362.5427706,0.269957515,1.082227959,17.78706331,3.102490365,58.23964623,0.205085579,0.076105388,3.187240684,853.347947,0.601597785,0.732413968,0.83324665,0.785262738,13.64948952,0.06260849,20.6744186,0.240400216,2.643185506,15.22093023,9035.930233,164505.9186,530.1653962,0.147197701,20.04651163,0.233098972,0.484481435,6.935969899,0.085807988,4.563072228,0.047149123,8586.095727,8.025457593,0.003929133,11.66437252,0.027254948,0.06629642
0.610082344,0.266815257,8.959199854,33.57828911,28.78440371,20.07675755,29.72313856,31.23499773,2048.05024,20.48552132,0.546849292,1426.188316,0.696363931,2106.14548,-897,-833,1450798002,2.107307917,35,2.730937849,-789,20.78912851,-866.1801242,-868,-954,165,14.94115922,866.5625441,0.177134412,1581569179,0.266200935,662.6352571,25.29575467,18.02504428,0.097569345,2.355721089,1.837861743,0.111606328,0.998358877,1.64696374,0.699998719,0.618754896,0.583118198,0.97357309,0.897831878,-0.127838359,0.524433984,0.459816356,5.016306283,0.090221654,3.876826429,0.416713438,0.157340306,10.03261257,2.576767539,1.048395708,5.449081535,189.8436853,0.098262777,8.80805996,514.300207,1.101602519,25.00621118,53.52898551,1377.818841,2.344543293,0.049355709,0.057216764,1.374928171,0.004130479,389.3020807,0.256755455,1.187253898,24.80750011,3.179282805,80.28003566,0.150141313,0.050903332,3.062298745,1128.606147,0.678437195,0.781254977,0.84637638,0.816107022,20.15988165,0.042404078,16.56626506,0.199593555,3.087240528,22.63855422,5434.939759,128360.6506,253.4853933,0.089354629,15.1686747,0.182755117,0.423554273,10.15959857,0.046054573,4.983473698,0.042960663,4893.115982,6.256146866,0.003589218,17.31369466,0.024575513,0.086218004
0.814594599,0.470469137,15.88777459,33.77006769,31.86987934,38.49010742,36.29391871,40.64261595,9573.223372,27.50891474,0.663806031,3284.59423,0.343102224,9631.364034,-897,-789,6300890489,2.701760514,67,2.026005481,-769,34.91938149,-843.5032258,-846,-948,179,27.70309156,844.4961789,-0.004543561,6868836450,0.166506752,1676.104206,27.69295517,158.9639909,-4.730068514,8.142062619,2.305178206,0.554130836,1.090800824,1.781343091,0.924473404,0.611502599,0.571711968,0.967701029,0.891100007,-0.179520866,0.638082087,0.427548488,5.118780477,0.045846572,4.834133252,0.580541,0.08642656,10.23756095,3.474398745,2.611810206,6.493406293,670.2679117,0.075865072,16.84295251,1471.087153,2.725424892,25.68183362,85.37736276,2636.227391,4.60693404,0.076522078,0.038534372,0.780208741,0.004897423,1055.515649,0.165985178,2.706778936,24.32939539,3.911862368,110.2849125,0.254965517,0.08310975,3.878442539,4122.124823,0.593686601,0.720055722,1.237129935,0.770515773,18.06052248,0.067294642,30.88888889,0.171604938,3.872098765,16.2,63546.76111,1650501.883,3406.796252,0.224496292,30.64444444,0.170246914,0.401111902,6.370547268,0.091046415,5.547395971,0.020373514,61137.5875,36.58299976,0.000951566,17.62527943,0.072268968,0.019660178
0.623333165,0.471161111,16.33135295,34.66192896,26.30708004,42.58617508,39.08993616,43.19485992,7202.270206,21.60592989,0.652985373,2762.020803,0.383493083,7271.759216,-875,-824,4418106268,1.779192583,25,3.177895338,-769,15.65913486,-850.8144262,-852,-916,147,11.27597552,851.0462479,0.134042701,5266787700,0.340642408,394.5281853,13.81295698,10.28343181,0.191354081,1.806333982,0.854686289,0.35433508,0.651297966,1.331179613,0.408204076,0.706732553,0.694676934,0.983435954,0.921361709,-0.090091533,0.426663572,0.487565002,3.682834423,0.133901477,3.343260737,0.365465553,0.230400203,7.365668847,2.450774961,0.665255068,5.639827655,400.0859016,0.065587853,18.79351959,2077.918689,0.691293308,12.91147541,105.6314754,1458.073115,8.793253118,0.101771788,0.035966454,0.444183908,0.005686585,1341.595335,0.320571072,0.785616902,12.67271255,4.081406746,53.37506499,0.383823443,0.108424538,3.159320747,2432.177838,0.54493681,0.680050441,1.293301465,0.742306148,9.217544251,0.084691915,49.94382022,0.28058326,2.221846989,12.08426966,64028,799522.0787,5628.390328,0.207639621,31.64044944,0.177755334,0.413745479,5.653878803,0.083082807,5.010676599,0.029180328,62853.5902,27.39554733,0.001207243,10.01816506,0.015213884,0.024559405
0.810870306,0.635369305,26.05054902,41.00064136,50.76161044,45.06698359,45.31182739,52.32699849,23570.26757,33.2462026,0.700621773,5674.272263,0.24073856,23724.20883,-859,-769,6060695156,2.182124413,48,3.508989962,-769,30.95498988,-797.4222923,-776,-951,182,22.44555318,798.3088827,-1.23492864,15119368827,0.29745259,1414.75984,61.40650322,126.7146046,-14.22234098,5.806025035,3.579280295,0.223057925,1.242407098,1.949723224,1.628229243,0.636165815,0.589004986,0.961774717,0.894189537,-0.182893373,0.526551798,0.281473463,7.800604376,0.137061878,3.854534838,0.430132756,0.310208241,15.60120875,2.817143814,2.346326333,5.479202838,825.9608833,0.086851828,25.09118539,2828.774132,2.564413673,62.19821241,113.4195584,8422.610831,1.699868289,0.021067953,0.038538333,1.725320724,0.001337832,1582.883635,0.232391124,2.685052473,56.48350935,13.92078543,1036.390954,0.211666167,0.024056404,3.550998147,4222.219861,0.574174672,0.676987786,8.954546291,0.760955458,41.46880388,0.019191454,43.90909091,0.173553719,2.543517318,36.256917,90263.78656,7143387.079,1174.697638,0.043582186,31.49802372,0.124498117,0.336797596,11.23978919,0.018581698,6.014923773,0.026603575,88850.85869,20.01587765,0.000529538,36.12924807,0.05846503,0.038378302
0.836138773,0.559929042,14.34176643,25.61354271,27.31103816,31.77053979,27.84120381,32.32517256,4732.841892,21.41647617,0.691494383,1971.40929,0.416538168,4776.291739,-897,-801,3162985438,2.531455799,54,2.190321675,-769,30.08506245,-850.503551,-852,-945,176,23.72356075,851.2487207,-0.006414759,3461017461,0.189408302,1268.094203,24.27247069,80.01328905,-0.796539382,5.93564309,1.815883173,0.525514052,0.938094603,1.679296418,0.813593354,0.644730779,0.614820399,0.974390907,0.904648675,-0.176946942,0.635258039,0.449792715,4.818291633,0.057424024,4.517115183,0.562381426,0.10547509,9.636583265,3.247932852,1.937881566,6.269448978,307.6423826,0.070479355,16.92435847,826.7672394,2.063015789,22.37182131,92.57250859,2520.743414,4.806649459,0.079509996,0.037700135,0.588263349,0.006887415,579.1388246,0.188014231,2.101177907,21.03609678,3.987230409,96.68753022,0.267332768,0.08895626,3.755106947,1896.384279,0.566073683,0.703938673,1.212934967,0.753788422,15.01953681,0.072790945,23.94339623,0.225881096,2.949448202,11.28301887,30089.34906,683597.4623,1699.589844,0.304488178,17.8490566,0.168387326,0.400491521,3.779996935,0.147093977,5.110675109,0.024284078,28393.61881,15.47216777,0.002046806,16.10122382,0.047980814,0.041163442
0.742533872,0.398000551,25.40969711,63.84337168,68.30737087,68.1484375,79.52313203,79.52313203,46478.24404,47.40586599,0.604494257,10341.69567,0.222506161,46598.96027,-887,-798,30053748267,2.510720657,48,2.510265199,-769,28.13754127,-844.9239793,-846,-951,182,20.48966665,845.6291794,-0.007377689,33322390345,0.198891738,1192.178408,34.71846904,91.97073773,1.158860971,5.878830664,1.767002179,0.53579561,0.908954452,1.676740274,0.83334362,0.654579527,0.626692886,0.980008462,0.916206248,-0.175066051,0.637768611,0.44645687,5.804200283,0.0600311,4.547472711,0.572609284,0.122990418,11.60840057,3.275283841,1.911458211,6.520554142,2762.558866,0.06573139,19.11871153,8359.021985,1.948902073,34.73834111,107.3753212,3915.628557,3.609669784,0.038373374,0.031350045,0.972989494,0.001621207,5480.21721,0.193268396,2.037024986,33.98476164,4.420416913,159.9738385,0.158409274,0.040136128,3.888359191,16614.99463,0.53616976,0.677134657,1.436370611,0.73353126,24.52920572,0.03050022,117.0661376,0.154849388,4.011609067,28.83994709,378479.164,13018173.9,12190.64691,0.068661892,127.5079365,0.168661292,0.403210503,12.03914825,0.02822631,6.143187279,0.017988008,375388.6277,93.34287507,0.000206212,22.22820593,0.035854291,0.005912433
0.945180242,0.649231071,24.11796782,37.14851137,43.7031047,40.22256103,45.07233295,49.22866215,17065.71554,35.11203898,0.61004613,5254.577272,0.307902546,17143.55843,-884,-792,10903737769,2.488353675,54,2.314969455,-769,29.28667318,-835.0758537,-830,-958,189,23.29702181,835.7957508,-0.29174169,11975710523,0.200180088,1202.855672,39.90615692,72.39909491,-4.175428442,5.019871187,2.213463637,0.375962115,1.061847166,1.739293569,0.876063896,0.619021551,0.580167192,0.974928657,0.903453122,-0.151835416,0.454836776,0.42224235,6.260973486,0.063423555,4.476517177,0.391568138,0.136327155,12.52194697,3.119712176,1.808333706,6.343229498,1144.873663,0.073347022,18.10251566,3124.610994,1.957733899,39.34858095,94.19290153,4053.280543,2.586123745,0.033051965,0.034812403,1.16779038,0.001549072,2090.52094,0.190502428,2.072668783,38.12765233,4.846963249,200.8966061,0.146590698,0.034931202,3.780804415,7185.343675,0.585997058,0.702962295,1.676111522,0.757598088,28.3689104,0.02735149,51.05806452,0.164703434,3.580863684,29.13225806,125299.8935,5229623.213,3288.162579,0.062990959,48.71612903,0.157148803,0.393237727,11.4337014,0.022641724,5.891672095,0.019860337,122764.6086,37.33042308,0.000454137,28.08245565,0.043110139,0.014353663
0.811007934,0.646654175,16.11273449,24.91708104,27.76077089,26.88635298,29.19921875,35.17982066,4949.966192,20.20795042,0.679051233,2068.472435,0.417876073,5017.694473,-937.4,-881,4099398328,2.043840394,28,4.444888566,-801,18.12982602,-907.6127086,-910,-970,169,12.04484366,907.9267885,0.613864372,4136241370,0.287255705,570.2244273,11.64777694,45.89302792,2.899562836,3.317084798,0.81092133,0.606367097,0.606649525,1.276445509,0.393634818,0.728827566,0.717087359,0.984330345,0.926942431,-0.220619302,0.697207048,0.445683844,3.319469415,0.119307313,3.621485539,0.682747369,0.201529828,6.63893883,2.798811925,1.032001532,6.112590248,319.9257993,0.064332556,21.72917224,1428.522622,1.047555776,11.37965011,131.896843,1515.088076,16.42881073,0.14714101,0.021160422,0.22135747,0.004321909,865.0708596,0.2715236,1.158072972,11.31276218,7.26435351,82.88238647,0.958203829,0.158134254,3.636697383,1784.212097,0.492137081,0.634766199,2.613017501,0.682523621,7.661001918,0.113476898,16.43859649,0.28839643,2.333025546,9.350877193,119036.2982,1285342.193,13361.71051,0.34305297,5.736842105,0.100646353,0.242006729,2.096399464,0.05525497,4.753490235,0.011461894,111424.5011,22.89831592,0.00180051,9.120632161,0.021455212,0.037078181
